Adrian Dantley,,,
Al Cervi,,,
Alex English,,,
Allen Iverson,,,
Alonzo Mourning,,,
Andy Phillip,,,
Ann Meyers,,,
Anne Donovan,,,
Arnie Risen,,,
Artis Gilmore,,,
Arvydas Sabonis,,,
Bailey Howell,,,
Barney Sedran,,,
Ben Wallace,,,
Bennie Borgmann,,,
Bernard King,,,
Bill Bradley,,,
Bill Russell,,,
Bill Sharman,,,
Bill Walton,,,
Billy Cunningham,,,
Bob Cousy,,,
Bob Dandridge,,,
Bob Davies,,,
Bob Houbregs,,,
Bob Kurland,,,
Bob Lanier,,,
Bob McAdoo,,,
Bob Pettit,,,
Bobby Jones,,,
Bobby McDermott,,,
Bobby Wanzer,,,
Branch McCracken,,,
Bud Foster,,,
Buddy Jeannette,,,
Calvin Murphy,,,
Carl Braun,,,
Carol Blazejowski,,,
Charles Barkley,,,
Charles Murphy,,,
Charlie Scott,,,
Cheryl Miller,,,
Chet Walker,,,
Chris Bosh,,,
Chris Mullin,,,
Chris Steinmetz,,,
Chris Webber,,,
Chuck Cooper,,,
Chuck Hyatt,,,
Cliff Hagan,,,
Clyde Drexler,,,
Clyde Lovellette,,,
Connie Hawkins,,,
Cumberland Posey,,,
Cynthia Cooper-Dyke,,,
Dan Issel,,,
Dave Bing,,,
Dave Cowens,,,
Dave DeBusschere,,,
David Robinson,,,
David Thompson,,,
Dawn Staley,,,
Denise Curry,,,
Dennis Johnson,,,
Dennis Rodman,,,
Dick McGuire,,,
Dikembe Mutombo,,,
Dino Meneghin,,,
Dino Ra?a,,,
Dolph Schayes,,,
Dominique Wilkins,,,
Dražen Dalipagi?,,,
Dražen Petrovi?,,,
Dutch Dehnert,,,
Earl Monroe,,,
Ed Krause,,,
Ed Macauley,,,
Ed Wachter,,,
Elgin Baylor,,,
Elvin Hayes,,,
Ernest Schmidt,,,
Fats Jenkins,,,
Forrest DeBernardi,,,
Frank Ramsey,,,
Gail Goodrich,,,
Gary Payton,,,
George Gervin,,,
George McGinnis,,,
George Mikan,,,
George Yardley,,,
Goose Tatum,,,
Grant Hill,,,
Gus Johnson,,,
Guy Rodgers,,,
Hakeem Olajuwon,,,
Hal Greer,,,
Hank Luisetti,,,
Harry Gallatin,,,
Hortencia de Fatima Marcari,,,
Isiah Thomas,,,
Jack McCracken,,,
Jack Sikma,,,
Jack Twyman,,,
Jamaal Wilkes,,,
James Worthy,,,
Jason Kidd,,,
Jerry Lucas,,,
Jerry West,,,
Jim Pollard,,,
Jo Jo White,,,
Joan Crawford,,,
Joe Brennan,,,
Joe Dumars,,,
Joe Fulks,,,
Joe Lapchick,,,
John Beckman,,,
John Havlicek,,,
John Isaacs,,,
John Roosma,,,
John Russell,,,
John Schommer,,,
John Stockton,,,
John Thompson,,,
John Wooden,,,
Julius Erving,,,
K.C. Jones,,,
Kareem Abdul-Jabbar,,,
Karl Malone,,,
Katie Smith,,,
Katrina McClain,,,
Kevin Garnett,,,
Kevin McHale,,,
Kobe Bryant,,,
Krešimir ?osi?,,,
Larry Bird,,,
Lauren Gale,,,
Lauren Jackson,,,
Lenny Wilkens,,,
Lisa Leslie,,,
Louie Dampier,,,
Lusia Harris-Stewart,,,
Lynette Woodard,,,
Magic Johnson,,,
Marques Haynes,,,
Marty Friedman,,,
Maurice Cheeks,,,
Maurice Stokes,,,
Mel Daniels,,,
Michael Jordan,,,
Mitch Richmond,,,
Moses Malone,,,
Nancy Lieberman,,,
Nat Holman,,,
Nate Archibald,,,
Nate Thurmond,,,
Neil Johnston,,,
Nera White,,,
Nikos Galis,,,
Ora Mae Washington,,,
Oscar Robertson,,,
Oscar Schmidt,,,
Pat Page,,,
Patrick Ewing,,,
Paul Arizin,,,
Paul Endacott,,,
Paul Pierce,,,
Paul Westphal,,,
Pearl Moore,,,
Pete Maravich,,,
Ralph Sampson,,,
Ray Allen,,,
Reggie Miller,,,
Richie Guerin,,,
Rick Barry,,,
Robert Gruenig,,,
Robert Parish,,,
Robert Vandivier,,,
Roger Brown,,,
Sam Jones,,,
Šar?nas Mar?iulionis,,,
Scottie Pippen,,,
Sergei Belov,,,
Shaquille O'Neal,,,
Sheryl Swoopes,,,
Sidney Moncrief,,,
Slater Martin,,,
Spencer Haywood,,,
Steve Nash,,,
Tamika Catchings,,,
Teresa Edwards,,,
Teresa Weatherspoon,,,
Tim Duncan,,,
Tina Thompson,,,
Tom Barlow,,,
Tom Gola,,,
Tom Heinsohn,,,
Toni Kuko?,,,
Tracy McGrady,,,
Ubiratan Pereira Maciel,,,
U?jana Semjonova,,,
Vern Mikkelsen,,,
Vic Hanson,,,
Vlade Divac,,,
Walt Bellamy,,,
Walt Frazier,,,
Wes Unseld,,,
William Gates,,,
William Johnson,,,
Willis Reed,,,
Wilt Chamberlain,,,
Yao Ming,,,
Yolanda Griffith,,,
Zelmo Beaty,,,
,,,
,,,
,,,
,,,
,,,
,,,
,,,
,,,
,,,
,,,
,,,
,,,
,,,
,,,
,,,
,,,
,,,
,,,
,,,
,,,
,,,
,,,
,,,
,,,
,,,
,,,
,,,
,,,
,,,
,,,
,,,
,,,
,,,
,,,
,,,
,,,
,,,
,,,
,,,
,,,
,,,
,,,
,,,
,,,
,,,
,,,
,,,
,,,
,,,
,,,
,,,
,,,
,,,
,,,
,,,
,,,
,,,
,,,
,,,
,,,
,,,
,,,
,,,
,,,
,,,
,,,
,,,
,,,
,,,
,,,
,,,
,,,
,,,
,,,
,,,
,,,
,,,
,,,
,,,
,,,
,,,
,,,
,,,
,,,
,,,
,,,
,,,
,,,
,,,
,,,
,,,
,,,
,,,
,,,
,,,
,,,
,,,
,,,
,,,
,,,
,,,
,,,
,,,
,,,
,,,
,,,
,,,
,,,
,,,
,,,
,,,
,,,
,,,
,,,
,,,
,,,
,,,
,,,
,,,
,,,
,,,
,,,
,,,
,,,
,,,
,,,
,,,
,,,
,,,
,,,
,,,
,,,
,,,
,,,
,,,
,,,
,,,
,,,
,,,
,,,
,,,
,,,
,,,
,,,
,,,
,,,
,,,
,,,
,,,
,,,
,,,
,,,
,,,
,,,
,,,
,,,
,,,
,,,
,,,
,,,
,,,
,,,
,,,
,,,
,,,
,,,
,,,
,,,
,,,
,,,
,,,
,,,
,,,
,,,
,,,
,,,
,,,
,,,
,,,
,,,
,,,
,,,
,,,
,,,
,,,
,,,
,,,
,,,
,,,
,,,
,,,
,,,
,,,
,,,
,,,
,,,
,,,
,,,
,,,
,,,
,,,
,,,
,,,
,,,
,,,
,,,
,,,
,,,
,,,
,,,
,,,
,,,
,,,
,,,
,,,
,,,
,,,
,,,
,,,
,,,
,,,
,,,
,,,
,,,
,,,
,,,
,,,
,,,
,,,
,,,
,,,
,,,
,,,
,,,
,,,
,,,
,,,
,,,
,,,
,,,
,,,
,,,
,,,
,,,
,,,
,,,
,,,
,,,
,,,
,,,
,,,
,,,
,,,
,,,
,,,
,,,
,,,
,,,
,,,
,,,
,,,
,,,
,,,
,,,
,,,
,,,
,,,
,,,
,,,
,,,
,,,
,,,
,,,
,,,
,,,
,,,
,,,
,,,
,,,
,,,
,,,
,,,
,,,
,,,
,,,
,,,
,,,
,,,
,,,
,,,
,,,
,,,
,,,
,,,
,,,
,,,
,,,
,,,
,,,
,,,
,,,
,,,
,,,
,,,
,,,
,,,
,,,
,,,
,,,
,,,
,,,
,,,
,,,
,,,
,,,
,,,
,,,
,,,
,,,
,,,
,,,
,,,
,,,
,,,
,,,
,,,
,,,
,,,
,,,
,,,
,,,
,,,
,,,
,,,
,,,
,,,
,,,
,,,
,,,
,,,
,,,
,,,
,,,
,,,
,,,
,,,
,,,
,,,
,,,
,,,
,,,
,,,
,,,
,,,
,,,
,,,
,,,
,,,
,,,
,,,
,,,
,,,
,,,
,,,
,,,
,,,
,,,
,,,
,,,
,,,
,,,
,,,
,,,
,,,
,,,
,,,
,,,
,,,
,,,
,,,
,,,
,,,
,,,
,,,
,,,
,,,
,,,
,,,
,,,
,,,
,,,
,,,
,,,
,,,
,,,
,,,
,,,
,,,
,,,
,,,
,,,
,,,
,,,
,,,
,,,
,,,
,,,
,,,
,,,
,,,
,,,
,,,
,,,
,,,
,,,
,,,
,,,
,,,
,,,
,,,
,,,
,,,
,,,
,,,
,,,
,,,
,,,
,,,
,,,
,,,
,,,
,,,
,,,
,,,
,,,
,,,
,,,
,,,
,,,
,,,
,,,
,,,
,,,
,,,
,,,
,,,
,,,
,,,
,,,
,,,
,,,
,,,
,,,
,,,
,,,
,,,
,,,
,,,
,,,
,,,
,,,
,,,
,,,
,,,
,,,
,,,
,,,
,,,
,,,
,,,
,,,
,,,
,,,
,,,
,,,
,,,
,,,
,,,
,,,
,,,
,,,
,,,
,,,
,,,
,,,
,,,
,,,
,,,
,,,
,,,
,,,
,,,
,,,
,,,
,,,
,,,
,,,
,,,
,,,
,,,
,,,
,,,
,,,
,,,
,,,
,,,
,,,
,,,
,,,
,,,
,,,
,,,
,,,
,,,
,,,
,,,
,,,
,,,
,,,
,,,
,,,
,,,
,,,
,,,
,,,
,,,
,,,
,,,
,,,
,,,
,,,
,,,
,,,
,,,
,,,
,,,
,,,
,,,
,,,
,,,
,,,
,,,
,,,
,,,
,,,
,,,
,,,
,,,
,,,
,,,
,,,
,,,
,,,
,,,
,,,
,,,
,,,
,,,
,,,
,,,
,,,
,,,
,,,
,,,
,,,
,,,
,,,
,,,
,,,
,,,
,,,
,,,
,,,
,,,
,,,
,,,
,,,
,,,
,,,
,,,
,,,
,,,
,,,
,,,
,,,
,,,
,,,
,,,
,,,
,,,
,,,
,,,
,,,
,,,
,,,
,,,
,,,
,,,
,,,
,,,
,,,
,,,
,,,
,,,
,,,
,,,
,,,
,,,
,,,
,,,
,,,
,,,
,,,
,,,
,,,
,,,
,,,
,,,
,,,
,,,
,,,
,,,
,,,
,,,
,,,
,,,
,,,
,,,
,,,
,,,
,,,
,,,
,,,
,,,
,,,
,,,
,,,
,,,
,,,
,,,
,,,
,,,
,,,
,,,
,,,
,,,
,,,
,,,
,,,
,,,
,,,
,,,
,,,
,,,
,,,
,,,
,,,
,,,
,,,
,,,
,,,
,,,
,,,
,,,
,,,
,,,
,,,
,,,
,,,
,,,
,,,
,,,
,,,
,,,
,,,
,,,
,,,
,,,
,,,
,,,
,,,
,,,
,,,
,,,
,,,
,,,
,,,
,,,
,,,
,,,
,,,
,,,
,,,
,,,
,,,
,,,
,,,
,,,
,,,
,,,
,,,
,,,
,,,
,,,
,,,
,,,
,,,
,,,
,,,
,,,
,,,
,,,
,,,
,,,
,,,
,,,
,,,
,,,
,,,
,,,
,,,
,,,
,,,
,,,
,,,
,,,
,,,
,,,
,,,
,,,
,,,
,,,
,,,
,,,
,,,
,,,
,,,
,,,
,,,
,,,
,,,
,,,
,,,
,,,
,,,
,,,
,,,
,,,
,,,
,,,
,,,
,,,
,,,
,,,
,,,
,,,
,,,
,,,
,,,
,,,
,,,
,,,
,,,
,,,
,,,
,,,
,,,
,,,
,,,
,,,
,,,
,,,
,,,
,,,
,,,
,,,
,,,
,,,
,,,
,,,
,,,
,,,
,,,
,,,
,,,
,,,
,,,
,,,
,,,
,,,
,,,
,,,
,,,
,,,
,,,
,,,
,,,
,,,
,,,
,,,
,,,
,,,
,,,
,,,
,,,
,,,
,,,
,,,
,,,
,,,
,,,
,,,
,,,
,,,
,,,
,,,
,,,
,,,
,,,
,,,
,,,
,,,
,,,
,,,
,,,
,,,
,,,
,,,
,,,
,,,
,,,
,,,
,,,
,,,
,,,
,,,
,,,
,,,
,,,
,,,
,,,
,,,
,,,
,,,
,,,
,,,
,,,
,,,
,,,
,,,
,,,
,,,
,,,
,,,
,,,
,,,
,,,
,,,
,,,
,,,
,,,
,,,
,,,
,,,
,,,
,,,
,,,
,,,
,,,
,,,
,,,
,,,
,,,
,,,
,,,
,,,
,,,
,,,
,,,
,,,
,,,
,,,
,,,
,,,
,,,
,,,
,,,
,,,
,,,
,,,
,,,
,,,
,,,
,,,
,,,
,,,
,,,
,,,
,,,
,,,
,,,
,,,
,,,
,,,
,,,
,,,
,,,
,,,
,,,
,,,
,,,
,,,
,,,
,,,
,,,
,,,
,,,
,,,
,,,
,,,
,,,
,,,
,,,
,,,
,,,
,,,
,,,
,,,
,,,
,,,
,,,
,,,
,,,
,,,
,,,
,,,
,,,
,,,
,,,
,,,
,,,
,,,
,,,
,,,
,,,
,,,
,,,
,,,
,,,
,,,
,,,
,,,
,,,
,,,
,,,
,,,
,,,
,,,
,,,
,,,
,,,
,,,
,,,
,,,
,,,
,,,
,,,
,,,
,,,
,,,
,,,
,,,
,,,
,,,
,,,
,,,
,,,
,,,
,,,
,,,
,,,
,,,
,,,
,,,
,,,
,,,
,,,
,,,
,,,
,,,
,,,
,,,
,,,
,,,
,,,
,,,
,,,
,,,
,,,
,,,
,,,
,,,
,,,
,,,
,,,
,,,
,,,
,,,
,,,
,,,
,,,
,,,
,,,
,,,
,,,
,,,
,,,
,,,
,,,
,,,
,,,
,,,
,,,
,,,
,,,
,,,
,,,
,,,
,,,
,,,
,,,
,,,
,,,
,,,
,,,
,,,
,,,
,,,
,,,
,,,
,,,
,,,
,,,
,,,
,,,
,,,
,,,
,,,
,,,
,,,
,,,
,,,
,,,
,,,
,,,
,,,
,,,
,,,
,,,
,,,
,,,
,,,
,,,
,,,
,,,
,,,
,,,
,,,
,,,
,,,
,,,
,,,
,,,
,,,
,,,
,,,
,,,
,,,
,,,
,,,
,,,
,,,
,,,
,,,
,,,
,,,
,,,
,,,
,,,
,,,
,,,
,,,
,,,
,,,
,,,
,,,
,,,
,,,
,,,
,,,
,,,
,,,
,,,
,,,
,,,
,,,
,,,
,,,
,,,
,,,
,,,
,,,
,,,
,,,
,,,
,,,
,,,
,,,
,,,
,,,
,,,
,,,
,,,
,,,
,,,
,,,
,,,
,,,
,,,
,,,
,,,
,,,
,,,
,,,
,,,
,,,
,,,
,,,
,,,
,,,
,,,
,,,
,,,
