Player,Selections
Ralph Beard,1951
Vince Boryla,1951
Alex Groza,1951
Fred Schaus,1951
Frank Brian,1951-1952
Dwight Eddleman,1951-1952
Joe Fulks,1951-1952
Red Rocha,1951-1952
Jim Pollard,1951-1952; 1954-1955
Dick McGuire,1951-1952; 1954-1956; 1958-1959
Paul Arizin,1951-1952; 1955-1962
Vern Mikkelsen,1951-1953; 1955-1957
Bob Davies,1951-1954
George Mikan,1951-1954
Andy Phillip,1951-1955
Larry Foust,1951-1956; 1958-1959
Harry Gallatin,1951-1957
Ed Macauley,1951-1957
Dolph Schayes,1951-1962
Bob Cousy,1951-1963
Paul Walther,1952
Max Zaslofsky,1952
Leo Barnhorst,1952-1953
Fred Scolari,1952-1953
Arnie Risen,1952-1955
Bobby Wanzer,1952-1956
Don Barksdale,1953
Billy Gabor,1953
Mel Hutchins,1953-1954; 1956-1957
Paul Seymour,1953-1955
Carl Braun,1953-1957
Neil Johnston,1953-1958
Slater Martin,1953-1959
Bill Sharman,1953-1960
Ray Felix,1954
Jack Molinas,1954
Don Sunderlage,1954
Jack Coleman,1955
George Yardley,1955-1960
Bob Pettit,1955-1965
Frank Selvy,1955; 1962
Bob Harrison,1956
Jack George,1956-1957
Clyde Lovellette,1956-1957; 1960-1961
Maurice Stokes,1956-1958
Johnny Kerr,1956; 1959; 1963
Nathaniel Clifton,1957
Richie Regan,1957
Dick Garmaker,1957-1960
Jack Twyman,1957-1960; 1962-1963
Tom Heinsohn,1957; 1961-1965
Ken Sears,1958-1959
Cliff Hagan,1958-1962
Gene Shue,1958-1962
Larry Costello,1958-1962; 1965
Richie Guerin,1958-1963
Bill Russell,1958-1969
Willie Naulls,1958; 1960-1962
Woody Sauldsberry,1959
Elgin Baylor,1959-1965; 1967-1970
Chuck Noble,1960
Walter Dukes,1960-1961
Rod Hundley,1960-1961
Tom Gola,1960-1964
Wilt Chamberlain,1960-1969; 1971-1973
Bailey Howell,1961-1964; 1966-1967
Wayne Embry,1961-1965
Hal Greer,1961-1970
Oscar Robertson,1961-1972
Jerry West,1961-1974
Johnny Green,1962-1963; 1965; 1971
Rudy LaRusso,1962-1963; 1966; 1968-1969
Walt Bellamy,1962-1965
Sam Jones,1962; 1964-1966; 1968
Tom Meschery,1963
Lee Shaffer,1963
Guy Rodgers,1963-1964; 1966-1967
Terry Dischinger,1963-1965
Lenny Wilkens,1963-1965; 1967-1971; 1973
Don Ohl,1963-1967
Len Chappell,1964
Jerry Lucas,1964-1969; 1971
Chet Walker,1964; 1966-1967; 1970-1971; 1973-1974
Lucious Jackson,1965
Nate Thurmond,1965-1968; 1970; 1973-1974
Willis Reed,1965-1971
Gus Johnson,1965; 1968-1971
Eddie Miles,1966
Adrian Smith,1966
Rick Barry,1966-1967; 1973-1978
Dave DeBusschere,1966-1968; 1970-1974
John Havlicek,1966-1978
Zelmo Beaty,1966; 1968
Darrall Imhoff,1967
Bill Bridges,1967-1968; 1970
Jerry Sloan,1967; 1969
Dick Barnett,1968
Bob Boozer,1968
Walt Hazzard,1968
Jim King,1968
Clyde Lee,1968
Don Kojis,1968-1969
Dave Bing,1968-1969; 1971; 1973-1976
Archie Clark,1968; 1972
Jon McGlocklin,1969
Joe Caldwell,1969-1970
Jeff Mullins,1969-1971
Dick Van Arsdale,1969-1971
Billy Cunningham,1969-1972
Lou Hudson,1969-1974
Elvin Hayes,1969-1980
Wes Unseld,1969; 1971-1973; 1975
Earl Monroe,1969; 1971; 1975; 1977
Gail Goodrich,1969; 1972-1975
Flynn Robinson,1970
Bob Rule,1970
Tom Van Arsdale,1970-1972
Connie Hawkins,1970-1973
Walt Frazier,1970-1976
Kareem Abdul-Jabbar,1970-1977; 1979-1989
Jimmy Walker,1970; 1972
John Johnson,1971-1972
Bob Kauffman,1971-1973
Bob Love,1971-1973
Jo Jo White,1971-1977
Geoff Petrie,1971; 1974
Butch Beard,1972
Cazzie Russell,1972
Jack Marin,1972-1973
Spencer Haywood,1972-1975
Sidney Wicks,1972-1975
Bob Lanier,1972-1975; 1977-1979; 1982
Dave Cowens,1972-1978; 1980
Paul Silas,1972; 1975
John Block,1973
Bill Bradley,1973
Pete Maravich,1973-1974; 1977-1979
Charlie Scott,1973-1975
Bob Dandridge,1973; 1975-1976; 1979
Nate Archibald,1973; 1975-1976; 1980-1982
Austin Carr,1974
Phil Chenier,1974-1975; 1977
Rudy Tomjanovich,1974-1977; 1979
Bob McAdoo,1974-1978
Norm Van Lier,1974; 1976-1977
Sam Lacey,1975
Steve Mix,1975
Jim Price,1975
Alvan Adams,1976
Fred Brown,1976
Curtis Rowe,1976
Phil Smith,1976-1977
George McGinnis,1976-1977; 1979
Doug Collins,1976-1979
Randy Smith,1976; 1978
Brian Winters,1976; 1978
John Drew,1976; 1980
Scott Wedman,1976; 1980
Jamaal Wilkes,1976; 1981; 1983
Don Buse,1977
Dan Issel,1977
Billy Knight,1977
Bill Walton,1977-1978
Bobby Jones,1977-1978; 1981-1982
Maurice Lucas,1977-1979; 1983
David Thompson,1977-1979; 1983
Paul Westphal,1977-1981
George Gervin,1977-1985
Julius Erving,1977-1987
Lionel Hollins,1978
Larry Kenon,1978-1979
Artis Gilmore,1978-1979; 1981-1983; 1986
Walter Davis,1978-1981; 1984; 1987
Moses Malone,1978-1989
Truck Robinson,1978; 1981
Calvin Murphy,1979
Campy Russell,1979
Marques Johnson,1979-1981; 1983; 1986
Otis Birdsong,1979-1981; 1984
Dennis Johnson,1979-1982; 1985
Jack Sikma,1979-1985
Bill Cartwright,1980
World B. Free,1980
Kermit Washington,1980
Eddie Johnson,1980-1981
Dan Roundfield,1980-1982
Adrian Dantley,1980-1982; 1984-1986
Micheal Ray Richardson,1980-1982; 1985
Larry Bird,1980-1988; 1990-1992
Magic Johnson,1980; 1982-1992
Mike Mitchell,1981
Robert Parish,1981-1987; 1990-1991
Reggie Theus,1981; 1983
Lonnie Shelton,1982
Gus Williams,1982-1983
Buck Williams,1982-1983; 1986
Sidney Moncrief,1982-1986
Alex English,1982-1989
Isiah Thomas,1982-1993
Kelly Tripucka,1982; 1984
Bernard King,1982; 1984-1985; 1991
Norm Nixon,1982; 1985
Jim Paxson,1983-1984
Andrew Toney,1983-1984
Kiki Vandeweghe,1983-1984
Bill Laimbeer,1983-1985; 1987
Maurice Cheeks,1983; 1986-1988
Rickey Green,1984
Jeff Ruland,1984-1985
Ralph Sampson,1984-1987
Kevin McHale,1984; 1986-1991
Mark Aguirre,1984; 1987-1988
Calvin Natt,1985
Rolando Blackman,1985-1987; 1990
Hakeem Olajuwon,1985-1990; 1992-1997
Michael Jordan,1985-1993; 1996-1998; 2002-2003
Terry Cummings,1985; 1989
Larry Nance,1985; 1989; 1993
Jeff Malone,1986-1987
Alvin Robertson,1986-1988; 1991
James Worthy,1986-1992
Dominique Wilkins,1986-1994
Clyde Drexler,1986; 1988-1994; 1996-1997
Patrick Ewing,1986; 1988-1997
Joe Barry Carroll,1987
Sleepy Floyd,1987
Charles Barkley,1987-1997
Tom Chambers,1987; 1989-1991
Danny Ainge,1988
James Donaldson,1988
Steve Johnson,1988
Xavier McDaniel,1988
Doc Rivers,1988
Brad Daugherty,1988-1989; 1991-1993
Karl Malone,1988-1998; 2000-2002
Fat Lever,1988; 1990
Mark Eaton,1989
Dale Ellis,1989
Mark Jackson,1989
Chris Mullin,1989-1993
John Stockton,1989-1997; 2000
Kevin Duckworth,1989; 1991
Mark Price,1989; 1992-1994
A. C. Green,1990
Kevin Johnson,1990-1991; 1994
Joe Dumars,1990-1993; 1995; 1997
David Robinson,1990-1996; 1998; 2000-2001
Dennis Rodman,1990; 1992
Scottie Pippen,1990; 1992-1997
Reggie Miller,1990; 1995-1996; 1998; 2000
Hersey Hawkins,1991
Ricky Pierce,1991
Tim Hardaway,1991-1993; 1997-1998
Terry Porter,1991; 1993
Michael Adams,1992
Jeff Hornacek,1992
Reggie Lewis,1992
Otis Thorpe,1992
Kevin Willis,1992
Dan Majerle,1992-1993; 1995
Dikembe Mutombo,1992; 1995-1998; 2000-2002
Danny Manning,1993-1994
Shawn Kemp,1993-1998
Mitch Richmond,1993-1998
Shaquille O'Neal,1993-1998; 2000-2007; 2009
Larry Johnson,1993; 1995
Detlef Schrempf,1993; 1995; 1997
Sean Elliott,1993; 1996
Kenny Anderson,1994
B. J. Armstrong,1994
Mookie Blaylock,1994
Derrick Coleman,1994
Horace Grant,1994
Charles Oakley,1994
Clifford Robinson,1994
John Starks,1994
Latrell Sprewell,1994-1995; 1997; 2001
Alonzo Mourning,1994-1997; 2000-2002
Gary Payton,1994-1998; 2000-2003
Dana Barros,1995
Cedric Ceballos,1995
Tyrone Hill,1995
Vin Baker,1995-1998
Penny Hardaway,1995-1998
Grant Hill,1995-1998; 2000-2001; 2005
Juwan Howard,1996
Terrell Brandon,1996-1997
Glen Rice,1996-1998
Jason Kidd,1996; 1998; 2000-2004; 2007-2008; 2010
Chris Gatling,1997
Tom Gugliotta,1997
Christian Laettner,1997
Eddie Jones,1997-1998; 2000
Kevin Garnett,1997-1998; 2000-2011; 2013
Chris Webber,1997; 2000-2003
Steve Smith,1998
Rik Smits,1998
Nick Van Exel,1998
Jayson Williams,1998
Tim Duncan,1998; 2000-2011; 2013; 2015
Kobe Bryant,1998; 2000-2016
Antoine Walker,1998; 2002-2003
Dale Davis,2000
Michael Finley,2000-2001
Allan Houston,2000-2001
Glenn Robinson,2000-2001
Jerry Stackhouse,2000-2001
Rasheed Wallace,2000-2001; 2006; 2008
Ray Allen,2000-2002; 2004-2009; 2011
Vince Carter,2000-2007
Allen Iverson,2000-2010
Antonio Davis,2001
Vlade Divac,2001
Anthony Mason,2001
Antonio McDyess,2001
Theo Ratliff,2001
Tracy McGrady,2001-2007
Stephon Marbury,2001; 2003
Shareef Abdur-Rahim,2002
Wally Szczerbiak,2002
Steve Nash,2002-2003; 2005-2008; 2010; 2012
Steve Francis,2002-2004
Peja Stojakovic,2002-2004
Paul Pierce,2002-2006; 2008-2012
Jermaine O'Neal,2002-2007
Dirk Nowitzki,2002-2012; 2014-2015; 2019
Baron Davis,2002; 2004
Elton Brand,2002; 2006
Jamal Mashburn,2003
Brad Miller,2003-2004
Ben Wallace,2003-2006
Yao Ming,2003-2009; 2011
Zydrunas Ilgauskas,2003; 2005
Shawn Marion,2003; 2005-2007
Sam Cassell,2004
Andrei Kirilenko,2004
Jamaal Magloire,2004
Kenyon Martin,2004
Michael Redd,2004
Metta World Peace,2004
Gilbert Arenas,2005-2007
Dwyane Wade,2005-2016; 2019
LeBron James,2005-2021
Amar'e Stoudemire,2005; 2007-2011
Antawn Jamison,2005; 2008
Rashard Lewis,2005; 2009
Manu Ginobili,2005; 2011
Tony Parker,2006-2007; 2009; 2012-2014
Richard Hamilton,2006-2008
Chauncey Billups,2006-2010
Chris Bosh,2006-2016
Pau Gasol,2006; 2009-2011; 2015-2016
Josh Howard,2007
Mehmet Okur,2007
Carlos Boozer,2007-2008
Caron Butler,2007-2008
Carmelo Anthony,2007-2008; 2010-2017
Joe Johnson,2007-2012; 2014
Dwight Howard,2007-2014
David West,2008-2009
Brandon Roy,2008-2010
Chris Paul,2008-2016; 2020-2021
Danny Granger,2009
Devin Harris,2009
Jameer Nelson,2009
Mo Williams,2009
Chris Kaman,2010
Gerald Wallace,2010
Al Horford,2010-2011; 2015-2016; 2018
Derrick Rose,2010-2012
Deron Williams,2010-2012
Rajon Rondo,2010-2013
Kevin Durant,2010-2019; 2021
David Lee,2010; 2013
Zach Randolph,2010; 2013
Kevin Love,2011-2012; 2014; 2017-2018
Russell Westbrook,2011-2013; 2015-2020
Blake Griffin,2011-2015; 2019
Andrew Bynum,2012
Andre Iguodala,2012
Luol Deng,2012-2013
LaMarcus Aldridge,2012-2016; 2018-2019
Roy Hibbert,2012; 2014
Marc Gasol,2012; 2015; 2017
Tyson Chandler,2013
Jrue Holiday,2013
Brook Lopez,2013
Joakim Noah,2013-2014
Paul George,2013-2014; 2016-2019; 2021
Kyrie Irving,2013-2015; 2017-2019; 2021
James Harden,2013-2021
Damian Lillard,2014-2015; 2018-2021
Paul Millsap,2014-2017
John Wall,2014-2018
Stephen Curry,2014-2019; 2021
Anthony Davis,2014-2021
DeMar DeRozan,2014; 2016-2018
Kyle Korver,2015
Jeff Teague,2015
DeMarcus Cousins,2015-2018
Jimmy Butler,2015-2018; 2020
Klay Thompson,2015-2019
Kyle Lowry,2015-2020
Isaiah Thomas,2016-2017
Kawhi Leonard,2016-2017; 2019-2021
Draymond Green,2016-2018
Andre Drummond,2016; 2018
Gordon Hayward,2017
DeAndre Jordan,2017
Kemba Walker,2017-2020
Giannis Antetokounmpo,2017-2021
Goran Dragic,2018
Kristaps Porzingis,2018
Victor Oladipo,2018-2019
Karl-Anthony Towns,2018-2019
Bradley Beal,2018-2019; 2021
Joel Embiid,2018-2021
D'Angelo Russell,2019
Khris Middleton,2019-2020
Nikola Jokic,2019-2021
Ben Simmons,2019-2021
Nikola Vucevic,2019; 2021
Bam Adebayo,2020
Brandon Ingram,2020
Pascal Siakam,2020
Trae Young,2020
Devin Booker,2020-2021
Luka Doncic,2020-2021
Rudy Gobert,2020-2021
Donovan Mitchell,2020-2021
Domantas Sabonis,2020-2021
Jayson Tatum,2020-2021
Jaylen Brown,2021
Mike Conley,2021
Zach LaVine,2021
Julius Randle,2021
Zion Williamson,2021
